Iteration,Fold #,Raw Loss,BNorm Loss,Raw Accuracy,BNorm Accuracy,Raw Precision,BNorm Precision,Raw Recall,BNorm Recall
1.0,1.0,0.004606811795383692,0.0076177832670509815,0.5952380895614624,0.4285714328289032,0.3333333333333333,0.3,0.0625,0.375
1.0,2.0,0.00498155178502202,0.0327005460858345,0.6428571343421936,0.523809552192688,0.0,0.2631578947368421,0.0,0.45454545454545453
1.0,3.0,0.004208488389849663,0.02311352826654911,0.738095223903656,0.5476190447807312,0.6,0.29411764705882354,0.25,0.4166666666666667
1.0,4.0,0.006316960323601961,0.017589455470442772,0.761904776096344,0.523809552192688,0.75,0.21428571428571427,0.25,0.25
1.0,5.0,0.0053625465370714664,0.009928281418979168,0.5365853905677795,0.6097561120986938,1.0,0.6190476190476191,0.09523809523809523,0.6190476190476191
