Iteration,Fold #,Raw Loss,BNorm Loss,Raw Accuracy,BNorm Accuracy
0.0,1.0,0.6620455980300903,0.006788279861211777,0.6666666865348816,0.6190476417541504
0.0,2.0,0.662041425704956,0.003097440814599395,0.6666666865348816,0.9285714030265808
0.0,3.0,0.6581100821495056,0.0020617309492081404,0.6428571343421936,0.9285714030265808
0.0,4.0,0.6581100225448608,0.0013941536890342832,0.6428571343421936,0.976190447807312
0.0,5.0,0.6382249593734741,0.0010620406828820705,0.6585366129875183,0.7560975551605225
